use jsadmin;
delete from jsadmin.AGENT_ALLOTED WHERE CENTER IN('North Pune','South Pune') AND METHOD='FIELD_SALES';

insert into jsadmin.AGENT_ALLOTED (`METHOD`,`CENTER`,`ALLOCATION_LIMIT`) VALUES('FIELD_SALES','Pune-PCMC','10');
insert into jsadmin.AGENT_ALLOTED (`METHOD`,`CENTER`,`ALLOCATION_LIMIT`) VALUES('FIELD_SALES','Pune-South','10');
insert into jsadmin.AGENT_ALLOTED (`METHOD`,`CENTER`,`ALLOCATION_LIMIT`) VALUES('FIELD_SALES','Pune-Central','10');
insert into jsadmin.AGENT_ALLOTED (`METHOD`,`CENTER`,`ALLOCATION_LIMIT`) VALUES('FIELD_SALES','Pune-North','10');

use incentive;
delete from incentive.SUB_LOCATION WHERE VALUE IN('MH0805','MH0806');
insert into incentive.SUB_LOCATION (`LABEL`,`VALUE`,`PRIORITY`) VALUES('Pune-North','MH0805','MH08');
insert into incentive.SUB_LOCATION (`LABEL`,`VALUE`,`PRIORITY`) VALUES('Pune-South','MH0806','MH08');
insert into incentive.SUB_LOCATION (`LABEL`,`VALUE`,`PRIORITY`) VALUES('Pune-Central','MH0807','MH08');
insert into incentive.SUB_LOCATION (`LABEL`,`VALUE`,`PRIORITY`) VALUES('Pune-PCMC','MH0808','MH08');

use newjs;
delete from newjs.PINCODE_MAPPING WHERE LOCALITY IN('North Pune','South Pune');
INSERT INTO `PINCODE_MAPPING` (`PINCODE`, `LOCALITY`) VALUES (411012, 'Pune-PCMC');
INSERT INTO `PINCODE_MAPPING` (`PINCODE`, `LOCALITY`) VALUES (411015, 'Pune-PCMC');
INSERT INTO `PINCODE_MAPPING` (`PINCODE`, `LOCALITY`) VALUES (411017, 'Pune-PCMC');
INSERT INTO `PINCODE_MAPPING` (`PINCODE`, `LOCALITY`) VALUES (411018, 'Pune-PCMC');
INSERT INTO `PINCODE_MAPPING` (`PINCODE`, `LOCALITY`) VALUES (411019, 'Pune-PCMC');
INSERT INTO `PINCODE_MAPPING` (`PINCODE`, `LOCALITY`) VALUES (411020, 'Pune-PCMC');
INSERT INTO `PINCODE_MAPPING` (`PINCODE`, `LOCALITY`) VALUES (411020, 'Pune-PCMC');
INSERT INTO `PINCODE_MAPPING` (`PINCODE`, `LOCALITY`) VALUES (411026, 'Pune-PCMC');
INSERT INTO `PINCODE_MAPPING` (`PINCODE`, `LOCALITY`) VALUES (411031, 'Pune-PCMC');
INSERT INTO `PINCODE_MAPPING` (`PINCODE`, `LOCALITY`) VALUES (411033, 'Pune-PCMC');
INSERT INTO `PINCODE_MAPPING` (`PINCODE`, `LOCALITY`) VALUES (411034, 'Pune-PCMC');
INSERT INTO `PINCODE_MAPPING` (`PINCODE`, `LOCALITY`) VALUES (411035, 'Pune-PCMC');
INSERT INTO `PINCODE_MAPPING` (`PINCODE`, `LOCALITY`) VALUES (411039, 'Pune-PCMC');
INSERT INTO `PINCODE_MAPPING` (`PINCODE`, `LOCALITY`) VALUES (411044, 'Pune-PCMC');
INSERT INTO `PINCODE_MAPPING` (`PINCODE`, `LOCALITY`) VALUES (411001, 'Pune-South');
INSERT INTO `PINCODE_MAPPING` (`PINCODE`, `LOCALITY`) VALUES (411002, 'Pune-South');
INSERT INTO `PINCODE_MAPPING` (`PINCODE`, `LOCALITY`) VALUES (411003, 'Pune-South');
INSERT INTO `PINCODE_MAPPING` (`PINCODE`, `LOCALITY`) VALUES (411009, 'Pune-South');
INSERT INTO `PINCODE_MAPPING` (`PINCODE`, `LOCALITY`) VALUES (411011, 'Pune-South');
INSERT INTO `PINCODE_MAPPING` (`PINCODE`, `LOCALITY`) VALUES (411030, 'Pune-South');
INSERT INTO `PINCODE_MAPPING` (`PINCODE`, `LOCALITY`) VALUES (411036, 'Pune-South');
INSERT INTO `PINCODE_MAPPING` (`PINCODE`, `LOCALITY`) VALUES (411037, 'Pune-South');
INSERT INTO `PINCODE_MAPPING` (`PINCODE`, `LOCALITY`) VALUES (411040, 'Pune-South');
INSERT INTO `PINCODE_MAPPING` (`PINCODE`, `LOCALITY`) VALUES (411041, 'Pune-South');
INSERT INTO `PINCODE_MAPPING` (`PINCODE`, `LOCALITY`) VALUES (411042, 'Pune-South');
INSERT INTO `PINCODE_MAPPING` (`PINCODE`, `LOCALITY`) VALUES (411046, 'Pune-South');
INSERT INTO `PINCODE_MAPPING` (`PINCODE`, `LOCALITY`) VALUES (411048, 'Pune-South');
INSERT INTO `PINCODE_MAPPING` (`PINCODE`, `LOCALITY`) VALUES (411043, 'Pune-South');
INSERT INTO `PINCODE_MAPPING` (`PINCODE`, `LOCALITY`) VALUES (411007, 'Pune-Central');
INSERT INTO `PINCODE_MAPPING` (`PINCODE`, `LOCALITY`) VALUES (411008, 'Pune-Central');
INSERT INTO `PINCODE_MAPPING` (`PINCODE`, `LOCALITY`) VALUES (411010, 'Pune-Central');
INSERT INTO `PINCODE_MAPPING` (`PINCODE`, `LOCALITY`) VALUES (411021, 'Pune-Central');
INSERT INTO `PINCODE_MAPPING` (`PINCODE`, `LOCALITY`) VALUES (411022, 'Pune-Central');
INSERT INTO `PINCODE_MAPPING` (`PINCODE`, `LOCALITY`) VALUES (411023, 'Pune-Central');
INSERT INTO `PINCODE_MAPPING` (`PINCODE`, `LOCALITY`) VALUES (411038, 'Pune-Central');
INSERT INTO `PINCODE_MAPPING` (`PINCODE`, `LOCALITY`) VALUES (411045, 'Pune-Central');
INSERT INTO `PINCODE_MAPPING` (`PINCODE`, `LOCALITY`) VALUES (411052, 'Pune-Central');
INSERT INTO `PINCODE_MAPPING` (`PINCODE`, `LOCALITY`) VALUES (411053, 'Pune-Central');
INSERT INTO `PINCODE_MAPPING` (`PINCODE`, `LOCALITY`) VALUES (411057, 'Pune-Central');
INSERT INTO `PINCODE_MAPPING` (`PINCODE`, `LOCALITY`) VALUES (411024, 'Pune-Central');
INSERT INTO `PINCODE_MAPPING` (`PINCODE`, `LOCALITY`) VALUES (411051, 'Pune-Central');
INSERT INTO `PINCODE_MAPPING` (`PINCODE`, `LOCALITY`) VALUES (411052, 'Pune-Central');
INSERT INTO `PINCODE_MAPPING` (`PINCODE`, `LOCALITY`) VALUES (411004, 'Pune-Central');
INSERT INTO `PINCODE_MAPPING` (`PINCODE`, `LOCALITY`) VALUES (411005, 'Pune-North');
INSERT INTO `PINCODE_MAPPING` (`PINCODE`, `LOCALITY`) VALUES (411006, 'Pune-North');
INSERT INTO `PINCODE_MAPPING` (`PINCODE`, `LOCALITY`) VALUES (411013, 'Pune-North');
INSERT INTO `PINCODE_MAPPING` (`PINCODE`, `LOCALITY`) VALUES (411028, 'Pune-North');
INSERT INTO `PINCODE_MAPPING` (`PINCODE`, `LOCALITY`) VALUES (411032, 'Pune-North');
INSERT INTO `PINCODE_MAPPING` (`PINCODE`, `LOCALITY`) VALUES (411047, 'Pune-North');
INSERT INTO `PINCODE_MAPPING` (`PINCODE`, `LOCALITY`) VALUES (411056, 'Pune-North');
INSERT INTO `PINCODE_MAPPING` (`PINCODE`, `LOCALITY`) VALUES (411014, 'Pune-North');
INSERT INTO `PINCODE_MAPPING` (`PINCODE`, `LOCALITY`) VALUES (411027, 'Pune-North');
INSERT INTO `PINCODE_MAPPING` (`PINCODE`, `LOCALITY`) VALUES (411016, 'Pune-North');


