use incentive;

INSERT INTO BRANCH_STATE(VALUE,NAME) VALUES('JK','Jammu and Kashmir');
INSERT INTO BRANCH_STATE(VALUE,NAME) VALUES('HP','Himachal Pradesh');

INSERT INTO LOCATION(VALUE,NAME,STATE,REGION) VALUES('WB37','SILIGURI','WB','E');
INSERT INTO LOCATION(VALUE,NAME,STATE,REGION) VALUES('JK04','JAMMU','JK','N');
INSERT INTO LOCATION(VALUE,NAME,STATE,REGION) VALUES('JK03','SRINAGAR','JK','N');
INSERT INTO LOCATION(VALUE,NAME,STATE,REGION) VALUES('HP03','SHIMLA','HP','N');
INSERT INTO LOCATION(VALUE,NAME,STATE,REGION) VALUES('PU01','AMRITSAR','PU','N');
INSERT INTO LOCATION(VALUE,NAME,STATE,REGION) VALUES('PU09','PATIALA','PU','N');
INSERT INTO LOCATION(VALUE,NAME,STATE,REGION) VALUES('RA08','JODHPUR','RA','W');
INSERT INTO LOCATION(VALUE,NAME,STATE,REGION) VALUES('RA10','UDAIPUR','RA','W');
INSERT INTO LOCATION(VALUE,NAME,STATE,REGION) VALUES('RA09','KOTA','RA','W');
INSERT INTO LOCATION(VALUE,NAME,STATE,REGION) VALUES('RA05','BIKANER','RA','W');
INSERT INTO LOCATION(VALUE,NAME,STATE,REGION) VALUES('OR02','CUTTACK','OR','E');
INSERT INTO LOCATION(VALUE,NAME,STATE,REGION) VALUES('GU14','BHAVNAGAR','GU','W');
INSERT INTO LOCATION(VALUE,NAME,STATE,REGION) VALUES('UP13','GORAKHPUR','UP','N');
INSERT INTO LOCATION(VALUE,NAME,STATE,REGION) VALUES('UP21','MEERUT','UP','N');
INSERT INTO LOCATION(VALUE,NAME,STATE,REGION) VALUES('UP06','BAREILLY','UP','N');
INSERT INTO LOCATION(VALUE,NAME,STATE,REGION) VALUES('UP22','MORADABAD','UP','N');
INSERT INTO LOCATION(VALUE,NAME,STATE,REGION) VALUES('UP02','ALIGARH','UP','N');
INSERT INTO LOCATION(VALUE,NAME,STATE,REGION) VALUES('MH11','SOLAPUR','MH','S');
INSERT INTO LOCATION(VALUE,NAME,STATE,REGION) VALUES('AP13','AMRAVATI','MH','S');
INSERT INTO LOCATION(VALUE,NAME,STATE,REGION) VALUES('MP01','BHILAI','CH','E');
INSERT INTO LOCATION(VALUE,NAME,STATE,REGION) VALUES('PU08','PATHANKOT','PU','N');

INSERT INTO SUB_LOCATION(LABEL,VALUE,PRIORITY) VALUES('Siliguri','WB37','WB37');
INSERT INTO SUB_LOCATION(LABEL,VALUE,PRIORITY) VALUES('Jammu','JK04','JK04');
INSERT INTO SUB_LOCATION(LABEL,VALUE,PRIORITY) VALUES('Srinagar','JK03','JK03');
INSERT INTO SUB_LOCATION(LABEL,VALUE,PRIORITY) VALUES('Shimla','HP03','HP03');
INSERT INTO SUB_LOCATION(LABEL,VALUE,PRIORITY) VALUES('Amritsar','PU01','PU01');
INSERT INTO SUB_LOCATION(LABEL,VALUE,PRIORITY) VALUES('Patiala','PU09','PU09');
INSERT INTO SUB_LOCATION(LABEL,VALUE,PRIORITY) VALUES('Jodhpur','RA08','RA08');
INSERT INTO SUB_LOCATION(LABEL,VALUE,PRIORITY) VALUES('Udaipur','RA10','RA10');
INSERT INTO SUB_LOCATION(LABEL,VALUE,PRIORITY) VALUES('Kota','RA09','RA09');
INSERT INTO SUB_LOCATION(LABEL,VALUE,PRIORITY) VALUES('Bikaner','RA05','RA05');
INSERT INTO SUB_LOCATION(LABEL,VALUE,PRIORITY) VALUES('Cuttack','OR02','OR02');
INSERT INTO SUB_LOCATION(LABEL,VALUE,PRIORITY) VALUES('Bhavnagar','GU14','GU14');
INSERT INTO SUB_LOCATION(LABEL,VALUE,PRIORITY) VALUES('Gorakhpur','UP13','UP13');
INSERT INTO SUB_LOCATION(LABEL,VALUE,PRIORITY) VALUES('Meerut','UP21','UP21');
INSERT INTO SUB_LOCATION(LABEL,VALUE,PRIORITY) VALUES('Bareilly','UP06','UP06');
INSERT INTO SUB_LOCATION(LABEL,VALUE,PRIORITY) VALUES('Moradabad','UP22','UP22');
INSERT INTO SUB_LOCATION(LABEL,VALUE,PRIORITY) VALUES('Aligarh','UP02','UP02');
INSERT INTO SUB_LOCATION(LABEL,VALUE,PRIORITY) VALUES('Solapur','MH11','MH11');
INSERT INTO SUB_LOCATION(LABEL,VALUE,PRIORITY) VALUES('Amravati','AP13','AP13');
INSERT INTO SUB_LOCATION(LABEL,VALUE,PRIORITY) VALUES('Bhilai','MP01','MP01');
INSERT INTO SUB_LOCATION(LABEL,VALUE,PRIORITY) VALUES('Pathankot','PU08','PU08');

UPDATE incentive.LOCATION SET STATE='PU' WHERE VALUE='PU10';
UPDATE incentive.LOCATION_CITY SET STATE='MP' WHERE VALUE='AP13';

INSERT INTO billing.BRANCHES(NAME) VALUES('SILIGURI'),('JAMMU'),('SRINAGAR'),('SHIMLA'),('AMRITSAR'),('PATIALA'),('JODHPUR'),('UDAIPUR'),('KOTA'),('BIKANER'),('CUTTACK'),('BHAVNAGAR'),('GORAKHPUR'),('MEERUT'),('BAREILLY'),('MORADABAD'),('ALIGARH'),('SOLAPUR'),('AMRAVATI'),('BHILAI'),('PATHANKOT');


