use incentive;

INSERT INTO BRANCH_STATE(VALUE,NAME) VALUES('WB','West Bengal');

INSERT INTO LOCATION(VALUE,NAME,STATE,REGION) VALUES('WB03','DURGAPUR','WB','E');
INSERT INTO LOCATION(VALUE,NAME,STATE,REGION) VALUES('WB01','ASANSOL','WB','E');
INSERT INTO LOCATION(VALUE,NAME,STATE,REGION) VALUES('RA01','AJMER','RA','W');
INSERT INTO LOCATION(VALUE,NAME,STATE,REGION) VALUES('GU19','JAMNAGAR','GU','W');
INSERT INTO LOCATION(VALUE,NAME,STATE,REGION) VALUES('OR04','ROURKELA','OR','E');
INSERT INTO LOCATION(VALUE,NAME,STATE,REGION) VALUES('JH04','BOKARO','JH','E');
INSERT INTO LOCATION(VALUE,NAME,STATE,REGION) VALUES('MP11','UJJAIN','MP','N');
INSERT INTO LOCATION(VALUE,NAME,STATE,REGION) VALUES('UP29','SAHARANPUR','UP','N');
INSERT INTO LOCATION(VALUE,NAME,STATE,REGION) VALUES('UP16','JHANSI','UP','N');
INSERT INTO LOCATION(VALUE,NAME,STATE,REGION) VALUES('MH23','MALEGAON','MH','S');
INSERT INTO LOCATION(VALUE,NAME,STATE,REGION) VALUES('MH09','SANGLI','MH','S');
INSERT INTO LOCATION(VALUE,NAME,STATE,REGION) VALUES('HA12','YAMUNANAGAR','HA','N');
INSERT INTO LOCATION(VALUE,NAME,STATE,REGION) VALUES('HA01','AMBALA','HA','N');

INSERT INTO SUB_LOCATION(LABEL,VALUE,PRIORITY) VALUES('Durgapur','WB03','WB03');
INSERT INTO SUB_LOCATION(LABEL,VALUE,PRIORITY) VALUES('Asansol','WB01','WB01');
INSERT INTO SUB_LOCATION(LABEL,VALUE,PRIORITY) VALUES('Ajmer','RA01','RA01');
INSERT INTO SUB_LOCATION(LABEL,VALUE,PRIORITY) VALUES('Jamnagar','GU19','GU19');
INSERT INTO SUB_LOCATION(LABEL,VALUE,PRIORITY) VALUES('Rourkela','OR04','OR04');
INSERT INTO SUB_LOCATION(LABEL,VALUE,PRIORITY) VALUES('Bokaro','JH04','JH04');
INSERT INTO SUB_LOCATION(LABEL,VALUE,PRIORITY) VALUES('Ujjain','MP11','MP11');
INSERT INTO SUB_LOCATION(LABEL,VALUE,PRIORITY) VALUES('Saharanpur','UP29','UP29');
INSERT INTO SUB_LOCATION(LABEL,VALUE,PRIORITY) VALUES('Jhansi','UP16','UP16');
INSERT INTO SUB_LOCATION(LABEL,VALUE,PRIORITY) VALUES('Malegaon','MH23','MH23');
INSERT INTO SUB_LOCATION(LABEL,VALUE,PRIORITY) VALUES('Sangli','MH09','MH09');
INSERT INTO SUB_LOCATION(LABEL,VALUE,PRIORITY) VALUES('Yamunanagar','HA12','HA12');
INSERT INTO SUB_LOCATION(LABEL,VALUE,PRIORITY) VALUES('Ambala','HA01','HA01');

INSERT INTO billing.BRANCHES(NAME) VALUES('DURGAPUR'),('ASANSOL'),('AJMER'),('JAMNAGAR'),('ROURKELA'),('BOKARO'),('UJJAIN'),('SAHARANPUR'),('JHANSI'),('MALEGAON'),('SANGLI'),('YAMUNANAGAR'),('AMBALA');


